<?xml version="1.0" encoding="UTF-8" ?>
<Library name="sap.ui.core">
<Template name="sap.ui.core.ComponentContainer" alias="ComponentContainer,Container">
	<jsTemplate><![CDATA[new sap.ui.core.ComponentContainer({
	id: "${id}", // sap.ui.core.ID
	name: undefined, // string
	url: undefined, // sap.ui.core.URI
	settings: undefined, // object
	propagateModel: false, // boolean
	tooltip: undefined, // sap.ui.core.TooltipBase
	customData: [], // sap.ui.core.CustomData
	layoutData: undefined, // sap.ui.core.LayoutData
	component: undefined // sap.ui.core.UIComponent
})
]]></jsTemplate>
</Template>
<Template name="sap.ui.core.Control" alias="Control">
	<jsTemplate><![CDATA[new sap.ui.core.Control({
	id: "${id}", // sap.ui.core.ID
	tooltip: undefined, // sap.ui.core.TooltipBase
	customData: [], // sap.ui.core.CustomData
	layoutData: undefined // sap.ui.core.LayoutData
})
]]></jsTemplate>
</Template>
<Template name="sap.ui.core.CustomData" alias="CustomData,Data">
	<jsTemplate><![CDATA[new sap.ui.core.CustomData({
	id: "${id}", // sap.ui.core.ID
	key: undefined, // string
	value: undefined, // any
	writeToDom: false, // boolean, since 1.9.0
	tooltip: undefined, // sap.ui.core.TooltipBase
	customData: [], // sap.ui.core.CustomData
	layoutData: undefined // sap.ui.core.LayoutData
})
]]></jsTemplate>
</Template>
<Template name="sap.ui.core.Element" alias="Element">
	<jsTemplate><![CDATA[new sap.ui.core.Element({
	id: "${id}", // sap.ui.core.ID
	tooltip: undefined, // sap.ui.core.TooltipBase
	customData: [], // sap.ui.core.CustomData
	layoutData: undefined // sap.ui.core.LayoutData
})
]]></jsTemplate>
</Template>
<Template name="sap.ui.core.HTML" alias="HTML">
	<jsTemplate><![CDATA[new sap.ui.core.HTML({
	id: "${id}", // sap.ui.core.ID
	content: undefined, // string
	preferDOM: true, // boolean
	sanitizeContent: false, // boolean
	tooltip: undefined, // sap.ui.core.TooltipBase
	customData: [], // sap.ui.core.CustomData
	layoutData: undefined, // sap.ui.core.LayoutData
	afterRendering: [function (oEvent) {
		var ${control} = oEvent.getSource();
	}, this]
})
]]></jsTemplate>
</Template>
<Template name="sap.ui.core.Icon" alias="Icon">
	<jsTemplate><![CDATA[new sap.ui.core.Icon({
	id: "${id}", // sap.ui.core.ID
	src: undefined, // sap.ui.core.URI
	size: undefined, // sap.ui.core.CSSSize
	color: undefined, // string
	hoverColor: undefined, // string
	activeColor: undefined, // string
	width: undefined, // sap.ui.core.CSSSize
	height: undefined, // sap.ui.core.CSSSize
	backgroundColor: undefined, // string
	hoverBackgroundColor: undefined, // string
	activeBackgroundColor: undefined, // string
	tooltip: undefined, // sap.ui.core.TooltipBase
	customData: [], // sap.ui.core.CustomData
	layoutData: undefined, // sap.ui.core.LayoutData
	press: [function (oEvent) {
		var ${control} = oEvent.getSource();
	}, this]
})
]]></jsTemplate>
</Template>
<Template name="sap.ui.core.Item" alias="Item">
	<jsTemplate><![CDATA[new sap.ui.core.Item({
	id: "${id}", // sap.ui.core.ID
	text: "", // string
	enabled: true, // boolean
	textDirection: sap.ui.core.TextDirection.Inherit, // sap.ui.core.TextDirection
	key: undefined, // string
	tooltip: undefined, // sap.ui.core.TooltipBase
	customData: [], // sap.ui.core.CustomData
	layoutData: undefined // sap.ui.core.LayoutData
})
]]></jsTemplate>
</Template>
<Template name="sap.ui.core.LayoutData" alias="LayoutData,Data">
	<jsTemplate><![CDATA[new sap.ui.core.LayoutData({
	id: "${id}", // sap.ui.core.ID
	tooltip: undefined, // sap.ui.core.TooltipBase
	customData: [], // sap.ui.core.CustomData
	layoutData: undefined // sap.ui.core.LayoutData
})
]]></jsTemplate>
</Template>
<Template name="sap.ui.core.ListItem" alias="ListItem,Item">
	<jsTemplate><![CDATA[new sap.ui.core.ListItem({
	id: "${id}", // sap.ui.core.ID
	text: "", // string
	enabled: true, // boolean
	textDirection: sap.ui.core.TextDirection.Inherit, // sap.ui.core.TextDirection
	key: undefined, // string
	icon: undefined, // string
	additionalText: undefined, // string
	tooltip: undefined, // sap.ui.core.TooltipBase
	customData: [], // sap.ui.core.CustomData
	layoutData: undefined // sap.ui.core.LayoutData
})
]]></jsTemplate>
</Template>
<Template name="sap.ui.core.LocalBusyIndicator" alias="LocalBusyIndicator,Indicator">
	<jsTemplate><![CDATA[new sap.ui.core.LocalBusyIndicator({
	id: "${id}", // sap.ui.core.ID
	width: "100px", // sap.ui.core.CSSSize
	height: "100px", // sap.ui.core.CSSSize
	tooltip: undefined, // sap.ui.core.TooltipBase
	customData: [], // sap.ui.core.CustomData
	layoutData: undefined // sap.ui.core.LayoutData
})
]]></jsTemplate>
</Template>
<Template name="sap.ui.core.Message" alias="Message">
	<jsTemplate><![CDATA[new sap.ui.core.Message({
	id: "${id}", // sap.ui.core.ID
	text: undefined, // string
	timestamp: undefined, // string
	icon: undefined, // sap.ui.core.URI
	level: sap.ui.core.MessageType.None, // sap.ui.core.MessageType
	tooltip: undefined, // sap.ui.core.TooltipBase
	customData: [], // sap.ui.core.CustomData
	layoutData: undefined // sap.ui.core.LayoutData
})
]]></jsTemplate>
</Template>
<Template name="sap.ui.core.ScrollBar" alias="ScrollBar,Bar">
	<jsTemplate><![CDATA[new sap.ui.core.ScrollBar({
	id: "${id}", // sap.ui.core.ID
	vertical: true, // boolean
	scrollPosition: undefined, // int
	size: undefined, // sap.ui.core.CSSSize
	contentSize: undefined, // sap.ui.core.CSSSize
	steps: undefined, // int
	tooltip: undefined, // sap.ui.core.TooltipBase
	customData: [], // sap.ui.core.CustomData
	layoutData: undefined, // sap.ui.core.LayoutData
	scroll: [function (oEvent) {
		var ${control} = oEvent.getSource();
	}, this]
})
]]></jsTemplate>
</Template>
<Template name="sap.ui.core.SeparatorItem" alias="SeparatorItem,Item">
	<jsTemplate><![CDATA[new sap.ui.core.SeparatorItem({
	id: "${id}", // sap.ui.core.ID
	text: "", // string
	enabled: true, // boolean
	textDirection: sap.ui.core.TextDirection.Inherit, // sap.ui.core.TextDirection
	key: undefined, // string
	tooltip: undefined, // sap.ui.core.TooltipBase
	customData: [], // sap.ui.core.CustomData
	layoutData: undefined // sap.ui.core.LayoutData
})
]]></jsTemplate>
</Template>
<Template name="sap.ui.core.TooltipBase" alias="TooltipBase,Base">
	<jsTemplate><![CDATA[new sap.ui.core.TooltipBase({
	id: "${id}", // sap.ui.core.ID
	text: "", // string
	openDuration: 200, // int
	closeDuration: 200, // int
	myPosition: "begin top", // sap.ui.core.Dock
	atPosition: "begin bottom", // sap.ui.core.Dock
	offset: "10 3", // string
	collision: "flip", // sap.ui.core.Collision
	openDelay: 500, // int
	closeDelay: 100, // int
	tooltip: undefined, // sap.ui.core.TooltipBase
	customData: [], // sap.ui.core.CustomData
	layoutData: undefined // sap.ui.core.LayoutData
})
]]></jsTemplate>
</Template>
<Template name="sap.ui.core.UIComponent" alias="UIComponent">
	<jsTemplate><![CDATA[new sap.ui.core.UIComponent({
	id: "${id}", // sap.ui.core.ID
	tooltip: undefined, // sap.ui.core.TooltipBase
	customData: [], // sap.ui.core.CustomData
	layoutData: undefined // sap.ui.core.LayoutData
})
]]></jsTemplate>
</Template>
<Template name="sap.ui.core.VariantLayoutData" alias="VariantLayoutData,Data">
	<jsTemplate><![CDATA[new sap.ui.core.VariantLayoutData({
	id: "${id}", // sap.ui.core.ID
	tooltip: undefined, // sap.ui.core.TooltipBase
	customData: [], // sap.ui.core.CustomData
	layoutData: undefined, // sap.ui.core.LayoutData
	multipleLayoutData: [] // sap.ui.core.LayoutData
})
]]></jsTemplate>
</Template>
<Template name="sap.ui.core.mvc.HTMLView" alias="HTMLView">
	<jsTemplate><![CDATA[new sap.ui.core.mvc.HTMLView({
	id: "${id}", // sap.ui.core.ID
	width: "100%", // sap.ui.core.CSSSize
	height: undefined, // sap.ui.core.CSSSize
	viewName: undefined, // string
	displayBlock: false, // boolean
	tooltip: undefined, // sap.ui.core.TooltipBase
	customData: [], // sap.ui.core.CustomData
	layoutData: undefined, // sap.ui.core.LayoutData
	content: [], // sap.ui.core.Control
	afterInit: [function (oEvent) {
		var ${control} = oEvent.getSource();
	}, this],
	beforeExit: [function (oEvent) {
		var ${control} = oEvent.getSource();
	}, this],
	afterRendering: [function (oEvent) {
		var ${control} = oEvent.getSource();
	}, this],
	beforeRendering: [function (oEvent) {
		var ${control} = oEvent.getSource();
	}, this]
})
]]></jsTemplate>
</Template>
<Template name="sap.ui.core.mvc.JSONView" alias="JSONView">
	<jsTemplate><![CDATA[new sap.ui.core.mvc.JSONView({
	id: "${id}", // sap.ui.core.ID
	width: "100%", // sap.ui.core.CSSSize
	height: undefined, // sap.ui.core.CSSSize
	viewName: undefined, // string
	displayBlock: false, // boolean
	tooltip: undefined, // sap.ui.core.TooltipBase
	customData: [], // sap.ui.core.CustomData
	layoutData: undefined, // sap.ui.core.LayoutData
	content: [], // sap.ui.core.Control
	afterInit: [function (oEvent) {
		var ${control} = oEvent.getSource();
	}, this],
	beforeExit: [function (oEvent) {
		var ${control} = oEvent.getSource();
	}, this],
	afterRendering: [function (oEvent) {
		var ${control} = oEvent.getSource();
	}, this],
	beforeRendering: [function (oEvent) {
		var ${control} = oEvent.getSource();
	}, this]
})
]]></jsTemplate>
</Template>
<Template name="sap.ui.core.mvc.JSView" alias="JSView">
	<jsTemplate><![CDATA[new sap.ui.core.mvc.JSView({
	id: "${id}", // sap.ui.core.ID
	width: "100%", // sap.ui.core.CSSSize
	height: undefined, // sap.ui.core.CSSSize
	viewName: undefined, // string
	displayBlock: false, // boolean
	tooltip: undefined, // sap.ui.core.TooltipBase
	customData: [], // sap.ui.core.CustomData
	layoutData: undefined, // sap.ui.core.LayoutData
	content: [], // sap.ui.core.Control
	afterInit: [function (oEvent) {
		var ${control} = oEvent.getSource();
	}, this],
	beforeExit: [function (oEvent) {
		var ${control} = oEvent.getSource();
	}, this],
	afterRendering: [function (oEvent) {
		var ${control} = oEvent.getSource();
	}, this],
	beforeRendering: [function (oEvent) {
		var ${control} = oEvent.getSource();
	}, this]
})
]]></jsTemplate>
</Template>
<Template name="sap.ui.core.mvc.View" alias="View">
	<jsTemplate><![CDATA[new sap.ui.core.mvc.View({
	id: "${id}", // sap.ui.core.ID
	width: "100%", // sap.ui.core.CSSSize
	height: undefined, // sap.ui.core.CSSSize
	viewName: undefined, // string
	displayBlock: false, // boolean
	tooltip: undefined, // sap.ui.core.TooltipBase
	customData: [], // sap.ui.core.CustomData
	layoutData: undefined, // sap.ui.core.LayoutData
	content: [], // sap.ui.core.Control
	afterInit: [function (oEvent) {
		var ${control} = oEvent.getSource();
	}, this],
	beforeExit: [function (oEvent) {
		var ${control} = oEvent.getSource();
	}, this],
	afterRendering: [function (oEvent) {
		var ${control} = oEvent.getSource();
	}, this],
	beforeRendering: [function (oEvent) {
		var ${control} = oEvent.getSource();
	}, this]
})
]]></jsTemplate>
</Template>
<Template name="sap.ui.core.mvc.XMLView" alias="XMLView">
	<jsTemplate><![CDATA[new sap.ui.core.mvc.XMLView({
	id: "${id}", // sap.ui.core.ID
	width: "100%", // sap.ui.core.CSSSize
	height: undefined, // sap.ui.core.CSSSize
	viewName: undefined, // string
	displayBlock: false, // boolean
	tooltip: undefined, // sap.ui.core.TooltipBase
	customData: [], // sap.ui.core.CustomData
	layoutData: undefined, // sap.ui.core.LayoutData
	content: [], // sap.ui.core.Control
	afterInit: [function (oEvent) {
		var ${control} = oEvent.getSource();
	}, this],
	beforeExit: [function (oEvent) {
		var ${control} = oEvent.getSource();
	}, this],
	afterRendering: [function (oEvent) {
		var ${control} = oEvent.getSource();
	}, this],
	beforeRendering: [function (oEvent) {
		var ${control} = oEvent.getSource();
	}, this]
})
]]></jsTemplate>
</Template>
<Template name="sap.ui.core.search.OpenSearchProvider" alias="OpenSearchProvider,Provider">
	<jsTemplate><![CDATA[new sap.ui.core.search.OpenSearchProvider({
	id: "${id}", // sap.ui.core.ID
	icon: undefined, // string
	suggestUrl: undefined, // sap.ui.core.URI
	suggestType: "json", // string
	tooltip: undefined, // sap.ui.core.TooltipBase
	customData: [], // sap.ui.core.CustomData
	layoutData: undefined // sap.ui.core.LayoutData
})
]]></jsTemplate>
</Template>
<Template name="sap.ui.core.search.SearchProvider" alias="SearchProvider,Provider">
	<jsTemplate><![CDATA[new sap.ui.core.search.SearchProvider({
	id: "${id}", // sap.ui.core.ID
	icon: undefined, // string
	tooltip: undefined, // sap.ui.core.TooltipBase
	customData: [], // sap.ui.core.CustomData
	layoutData: undefined // sap.ui.core.LayoutData
})
]]></jsTemplate>
</Template>
</Library>
