{
"languages":{
"aa":"Afar",
"ab":"Abkhazian",
"ace":"Achinese",
"ach":"Acoli",
"ada":"Adangme",
"ady":"Adyghe",
"ae":"Avestan",
"af":"Afrikaans",
"afa":"Afro-Asiatic Language",
"afh":"Afrihili",
"agq":"Aghem",
"ain":"Ainu",
"ak":"Akan",
"akk":"Akkadian",
"ale":"Aleut",
"alg":"Algonquian Language",
"alt":"Southern Altai",
"am":"Amharic",
"an":"Aragonese",
"ang":"Old English",
"anp":"Angika",
"apa":"Apache Language",
"ar":"Arabic",
"arc":"Aramaic",
"arn":"Araucanian",
"arp":"Arapaho",
"art":"Artificial Language",
"arw":"Arawak",
"as":"Assamese",
"asa":"Asu",
"ast":"Asturian",
"ath":"Athapascan Language",
"aus":"Australian Language",
"av":"Avaric",
"awa":"Awadhi",
"ay":"Aymara",
"az":"Azerbaijani",
"ba":"Bashkir",
"bad":"Banda",
"bai":"Bamileke Language",
"bal":"Baluchi",
"ban":"Balinese",
"bas":"Basaa",
"bat":"Baltic Language",
"be":"Belarusian",
"bej":"Beja",
"bem":"Bemba",
"ber":"Berber",
"bez":"Bena",
"bg":"Bulgarian",
"bh":"Bihari",
"bho":"Bhojpuri",
"bi":"Bislama",
"bik":"Bikol",
"bin":"Bini",
"bla":"Siksika",
"bm":"Bambara",
"bn":"Bengali",
"bnt":"Bantu",
"bo":"Tibetan",
"br":"Breton",
"bra":"Braj",
"brx":"Bodo",
"bs":"Bosnian",
"btk":"Batak",
"bua":"Buriat",
"bug":"Buginese",
"byn":"Blin",
"ca":"Catalan",
"cad":"Caddo",
"cai":"Central American Indian Language",
"car":"Carib",
"cau":"Caucasian Language",
"cay":"Cayuga",
"cch":"Atsam",
"ce":"Chechen",
"ceb":"Cebuano",
"cel":"Celtic Language",
"cgg":"Chiga",
"ch":"Chamorro",
"chb":"Chibcha",
"chg":"Chagatai",
"chk":"Chuukese",
"chm":"Mari",
"chn":"Chinook Jargon",
"cho":"Choctaw",
"chp":"Chipewyan",
"chr":"Cherokee",
"chy":"Cheyenne",
"cmc":"Chamic Language",
"co":"Corsican",
"cop":"Coptic",
"cpe":"English-based Creole or Pidgin",
"cpf":"French-based Creole or Pidgin",
"cpp":"Portuguese-based Creole or Pidgin",
"cr":"Cree",
"crh":"Crimean Turkish",
"crp":"Creole or Pidgin",
"cs":"Czech",
"csb":"Kashubian",
"cu":"Church Slavic",
"cus":"Cushitic Language",
"cv":"Chuvash",
"cy":"Welsh",
"da":"Danish",
"dak":"Dakota",
"dar":"Dargwa",
"dav":"Taita",
"day":"Dayak",
"de":"German",
"de_AT":"Austrian German",
"de_CH":"Swiss High German",
"del":"Delaware",
"den":"Slave",
"dgr":"Dogrib",
"din":"Dinka",
"dje":"Zarma",
"doi":"Dogri",
"dra":"Dravidian Language",
"dsb":"Lower Sorbian",
"dua":"Duala",
"dum":"Middle Dutch",
"dv":"Divehi",
"dyo":"Jola-Fonyi",
"dyu":"Dyula",
"dz":"Dzongkha",
"ebu":"Embu",
"ee":"Ewe",
"efi":"Efik",
"egy":"Ancient Egyptian",
"eka":"Ekajuk",
"el":"Greek",
"elx":"Elamite",
"en":"English",
"en_AU":"Australian English",
"en_CA":"Canadian English",
"en_GB":"British English",
"en_US":"U.S. English",
"enm":"Middle English",
"eo":"Esperanto",
"es":"Spanish",
"es_419":"Latin American Spanish",
"es_ES":"Iberian Spanish",
"et":"Estonian",
"eu":"Basque",
"ewo":"Ewondo",
"fa":"Persian",
"fan":"Fang",
"fat":"Fanti",
"ff":"Fulah",
"fi":"Finnish",
"fil":"Filipino",
"fiu":"Finno-Ugrian Language",
"fj":"Fijian",
"fo":"Faroese",
"fon":"Fon",
"fr":"French",
"fr_CA":"Canadian French",
"fr_CH":"Swiss French",
"frm":"Middle French",
"fro":"Old French",
"frr":"Northern Frisian",
"frs":"Eastern Frisian",
"fur":"Friulian",
"fy":"Western Frisian",
"ga":"Irish",
"gaa":"Ga",
"gay":"Gayo",
"gba":"Gbaya",
"gd":"Scottish Gaelic",
"gem":"Germanic Language",
"gez":"Geez",
"gil":"Gilbertese",
"gl":"Galician",
"gmh":"Middle High German",
"gn":"Guarani",
"goh":"Old High German",
"gon":"Gondi",
"gor":"Gorontalo",
"got":"Gothic",
"grb":"Grebo",
"grc":"Ancient Greek",
"gsw":"Swiss German",
"gu":"Gujarati",
"guz":"Gusii",
"gv":"Manx",
"gwi":"Gwichʼin",
"ha":"Hausa",
"hai":"Haida",
"haw":"Hawaiian",
"he":"Hebrew",
"hi":"Hindi",
"hil":"Hiligaynon",
"him":"Himachali",
"hit":"Hittite",
"hmn":"Hmong",
"ho":"Hiri Motu",
"hr":"Croatian",
"hsb":"Upper Sorbian",
"ht":"Haitian",
"hu":"Hungarian",
"hup":"Hupa",
"hy":"Armenian",
"hz":"Herero",
"ia":"Interlingua",
"iba":"Iban",
"id":"Indonesian",
"ie":"Interlingue",
"ig":"Igbo",
"ii":"Sichuan Yi",
"ijo":"Ijo",
"ik":"Inupiaq",
"ilo":"Iloko",
"inc":"Indic Language",
"ine":"Indo-European Language",
"inh":"Ingush",
"io":"Ido",
"ira":"Iranian Language",
"iro":"Iroquoian Language",
"is":"Icelandic",
"it":"Italian",
"iu":"Inuktitut",
"ja":"Japanese",
"jbo":"Lojban",
"jmc":"Machame",
"jpr":"Judeo-Persian",
"jrb":"Judeo-Arabic",
"jv":"Javanese",
"ka":"Georgian",
"kaa":"Kara-Kalpak",
"kab":"Kabyle",
"kac":"Kachin",
"kaj":"Jju",
"kam":"Kamba",
"kar":"Karen",
"kaw":"Kawi",
"kbd":"Kabardian",
"kcg":"Tyap",
"kde":"Makonde",
"kea":"Kabuverdianu",
"kfo":"Koro",
"kg":"Kongo",
"kha":"Khasi",
"khi":"Khoisan Language",
"kho":"Khotanese",
"khq":"Koyra Chiini",
"ki":"Kikuyu",
"kj":"Kuanyama",
"kk":"Kazakh",
"kl":"Kalaallisut",
"kln":"Kalenjin",
"km":"Khmer",
"kmb":"Kimbundu",
"kn":"Kannada",
"ko":"Korean",
"kok":"Konkani",
"kos":"Kosraean",
"kpe":"Kpelle",
"kr":"Kanuri",
"krc":"Karachay-Balkar",
"krl":"Karelian",
"kro":"Kru",
"kru":"Kurukh",
"ks":"Kashmiri",
"ksb":"Shambala",
"ksf":"Bafia",
"ksh":"Colognian",
"ku":"Kurdish",
"kum":"Kumyk",
"kut":"Kutenai",
"kv":"Komi",
"kw":"Cornish",
"ky":"Kirghiz",
"la":"Latin",
"lad":"Ladino",
"lag":"Langi",
"lah":"Lahnda",
"lam":"Lamba",
"lb":"Luxembourgish",
"lez":"Lezghian",
"lg":"Ganda",
"li":"Limburgish",
"ln":"Lingala",
"lo":"Lao",
"lol":"Mongo",
"loz":"Lozi",
"lt":"Lithuanian",
"lu":"Luba-Katanga",
"lua":"Luba-Lulua",
"lui":"Luiseno",
"lun":"Lunda",
"luo":"Luo",
"lus":"Lushai",
"luy":"Luyia",
"lv":"Latvian",
"mad":"Madurese",
"mag":"Magahi",
"mai":"Maithili",
"mak":"Makasar",
"man":"Mandingo",
"map":"Austronesian Language",
"mas":"Masai",
"mdf":"Moksha",
"mdr":"Mandar",
"men":"Mende",
"mer":"Meru",
"mfe":"Morisyen",
"mg":"Malagasy",
"mga":"Middle Irish",
"mgh":"Makhuwa-Meetto",
"mh":"Marshallese",
"mi":"Maori",
"mic":"Micmac",
"min":"Minangkabau",
"mis":"Miscellaneous Language",
"mk":"Macedonian",
"mkh":"Mon-Khmer Language",
"ml":"Malayalam",
"mn":"Mongolian",
"mnc":"Manchu",
"mni":"Manipuri",
"mno":"Manobo Language",
"mo":"Moldavian",
"moh":"Mohawk",
"mos":"Mossi",
"mr":"Marathi",
"ms":"Malay",
"mt":"Maltese",
"mua":"Mundang",
"mul":"Multiple Languages",
"mun":"Munda Language",
"mus":"Creek",
"mwl":"Mirandese",
"mwr":"Marwari",
"my":"Burmese",
"myn":"Mayan Language",
"myv":"Erzya",
"na":"Nauru",
"nah":"Nahuatl",
"nai":"North American Indian Language",
"nap":"Neapolitan",
"naq":"Nama",
"nb":"Norwegian Bokmål",
"nd":"North Ndebele",
"nds":"Low German",
"ne":"Nepali",
"new":"Newari",
"ng":"Ndonga",
"nia":"Nias",
"nic":"Niger-Kordofanian Language",
"niu":"Niuean",
"nl":"Dutch",
"nl_BE":"Flemish",
"nmg":"Kwasio",
"nn":"Norwegian Nynorsk",
"no":"Norwegian",
"nog":"Nogai",
"non":"Old Norse",
"nqo":"N’Ko",
"nr":"South Ndebele",
"nso":"Northern Sotho",
"nub":"Nubian Language",
"nus":"Nuer",
"nv":"Navajo",
"nwc":"Classical Newari",
"ny":"Nyanja",
"nym":"Nyamwezi",
"nyn":"Nyankole",
"nyo":"Nyoro",
"nzi":"Nzima",
"oc":"Occitan",
"oj":"Ojibwa",
"om":"Oromo",
"or":"Oriya",
"os":"Ossetic",
"osa":"Osage",
"ota":"Ottoman Turkish",
"oto":"Otomian Language",
"pa":"Punjabi",
"paa":"Papuan Language",
"pag":"Pangasinan",
"pal":"Pahlavi",
"pam":"Pampanga",
"pap":"Papiamento",
"pau":"Palauan",
"peo":"Old Persian",
"phi":"Philippine Language",
"phn":"Phoenician",
"pi":"Pali",
"pl":"Polish",
"pon":"Pohnpeian",
"pra":"Prakrit Language",
"pro":"Old Provençal",
"ps":"Pashto",
"pt":"Portuguese",
"pt_BR":"Brazilian Portuguese",
"pt_PT":"Iberian Portuguese",
"qu":"Quechua",
"raj":"Rajasthani",
"rap":"Rapanui",
"rar":"Rarotongan",
"rm":"Romansh",
"rn":"Rundi",
"ro":"Romanian",
"roa":"Romance Language",
"rof":"Rombo",
"rom":"Romany",
"root":"Root",
"ru":"Russian",
"rup":"Aromanian",
"rw":"Kinyarwanda",
"rwk":"Rwa",
"sa":"Sanskrit",
"sad":"Sandawe",
"sah":"Sakha",
"sai":"South American Indian Language",
"sal":"Salishan Language",
"sam":"Samaritan Aramaic",
"saq":"Samburu",
"sas":"Sasak",
"sat":"Santali",
"sbp":"Sangu",
"sc":"Sardinian",
"scn":"Sicilian",
"sco":"Scots",
"sd":"Sindhi",
"se":"Northern Sami",
"see":"Seneca",
"seh":"Sena",
"sel":"Selkup",
"sem":"Semitic Language",
"ses":"Koyraboro Senni",
"sg":"Sango",
"sga":"Old Irish",
"sgn":"Sign Language",
"sh":"Serbo-Croatian",
"shi":"Tachelhit",
"shn":"Shan",
"si":"Sinhala",
"sid":"Sidamo",
"sio":"Siouan Language",
"sit":"Sino-Tibetan Language",
"sk":"Slovak",
"sl":"Slovenian",
"sla":"Slavic Language",
"sm":"Samoan",
"sma":"Southern Sami",
"smi":"Sami Language",
"smj":"Lule Sami",
"smn":"Inari Sami",
"sms":"Skolt Sami",
"sn":"Shona",
"snk":"Soninke",
"so":"Somali",
"sog":"Sogdien",
"son":"Songhai",
"sq":"Albanian",
"sr":"Serbian",
"srn":"Sranan Tongo",
"srr":"Serer",
"ss":"Swati",
"ssa":"Nilo-Saharan Language",
"ssy":"Saho",
"st":"Southern Sotho",
"su":"Sundanese",
"suk":"Sukuma",
"sus":"Susu",
"sux":"Sumerian",
"sv":"Swedish",
"sw":"Swahili",
"swb":"Comorian",
"swc":"Congo Swahili",
"syc":"Classical Syriac",
"syr":"Syriac",
"ta":"Tamil",
"tai":"Tai Language",
"te":"Telugu",
"tem":"Timne",
"teo":"Teso",
"ter":"Tereno",
"tet":"Tetum",
"tg":"Tajik",
"th":"Thai",
"ti":"Tigrinya",
"tig":"Tigre",
"tiv":"Tiv",
"tk":"Turkmen",
"tkl":"Tokelau",
"tl":"Tagalog",
"tlh":"Klingon",
"tli":"Tlingit",
"tmh":"Tamashek",
"tn":"Tswana",
"to":"Tongan",
"tog":"Nyasa Tonga",
"tpi":"Tok Pisin",
"tr":"Turkish",
"trv":"Taroko",
"ts":"Tsonga",
"tsi":"Tsimshian",
"tt":"Tatar",
"tum":"Tumbuka",
"tup":"Tupi Language",
"tut":"Altaic Language",
"tvl":"Tuvalu",
"tw":"Twi",
"twq":"Tasawaq",
"ty":"Tahitian",
"tyv":"Tuvinian",
"tzm":"Central Morocco Tamazight",
"udm":"Udmurt",
"ug":"Uighur",
"uga":"Ugaritic",
"uk":"Ukrainian",
"umb":"Umbundu",
"und":"Unknown Language",
"ur":"Urdu",
"uz":"Uzbek",
"vai":"Vai",
"ve":"Venda",
"vi":"Vietnamese",
"vo":"Volapük",
"vot":"Votic",
"vun":"Vunjo",
"wa":"Walloon",
"wae":"Walser",
"wak":"Wakashan Language",
"wal":"Walamo",
"war":"Waray",
"was":"Washo",
"wen":"Sorbian Language",
"wo":"Wolof",
"xal":"Kalmyk",
"xh":"Xhosa",
"xog":"Soga",
"yao":"Yao",
"yap":"Yapese",
"yav":"Yangben",
"yi":"Yiddish",
"yo":"Yoruba",
"ypk":"Yupik Language",
"yue":"Cantonese",
"za":"Zhuang",
"zap":"Zapotec",
"zbl":"Blissymbols",
"zen":"Zenaga",
"zh":"Chinese",
"zh_Hans":"Simplified Chinese",
"zh_Hant":"Traditional Chinese",
"znd":"Zande",
"zu":"Zulu",
"zun":"Zuni",
"zxx":"No linguistic content",
"zza":"Zaza"
},
"scripts":{
"Arab":"Arabic",
"Armi":"Imperial Aramaic",
"Armn":"Armenian",
"Avst":"Avestan",
"Bali":"Balinese",
"Bamu":"Bamum",
"Batk":"Batak",
"Beng":"Bengali",
"Blis":"Blissymbols",
"Bopo":"Bopomofo",
"Brah":"Brahmi",
"Brai":"Braille",
"Bugi":"Buginese",
"Buhd":"Buhid",
"Cakm":"Chakma",
"Cans":"Unified Canadian Aboriginal Syllabics",
"Cari":"Carian",
"Cham":"Cham",
"Cher":"Cherokee",
"Cirt":"Cirth",
"Copt":"Coptic",
"Cprt":"Cypriot",
"Cyrl":"Cyrillic",
"Cyrs":"Old Church Slavonic Cyrillic",
"Deva":"Devanagari",
"Dsrt":"Deseret",
"Egyd":"Egyptian demotic",
"Egyh":"Egyptian hieratic",
"Egyp":"Egyptian hieroglyphs",
"Ethi":"Ethiopic",
"Geok":"Georgian Khutsuri",
"Geor":"Georgian",
"Glag":"Glagolitic",
"Goth":"Gothic",
"Gran":"Grantha",
"Grek":"Greek",
"Gujr":"Gujarati",
"Guru":"Gurmukhi",
"Hang":"Hangul",
"Hani":"Han",
"Hano":"Hanunoo",
"Hans":"Simplified",
"Hant":"Traditional",
"Hebr":"Hebrew",
"Hira":"Hiragana",
"Hmng":"Pahawh Hmong",
"Hrkt":"Katakana or Hiragana",
"Hung":"Old Hungarian",
"Inds":"Indus",
"Ital":"Old Italic",
"Java":"Javanese",
"Jpan":"Japanese",
"Kali":"Kayah Li",
"Kana":"Katakana",
"Khar":"Kharoshthi",
"Khmr":"Khmer",
"Knda":"Kannada",
"Kore":"Korean",
"Kthi":"Kaithi",
"Lana":"Lanna",
"Laoo":"Lao",
"Latf":"Fraktur Latin",
"Latg":"Gaelic Latin",
"Latn":"Latin",
"Lepc":"Lepcha",
"Limb":"Limbu",
"Lina":"Linear A",
"Linb":"Linear B",
"Lisu":"Fraser",
"Lyci":"Lycian",
"Lydi":"Lydian",
"Mand":"Mandaean",
"Mani":"Manichaean",
"Maya":"Mayan hieroglyphs",
"Merc":"Meroitic Cursive",
"Mero":"Meroitic",
"Mlym":"Malayalam",
"Mong":"Mongolian",
"Moon":"Moon",
"Mtei":"Meitei Mayek",
"Mymr":"Myanmar",
"Nkgb":"Naxi Geba",
"Nkoo":"N’Ko",
"Ogam":"Ogham",
"Olck":"Ol Chiki",
"Orkh":"Orkhon",
"Orya":"Oriya",
"Osma":"Osmanya",
"Perm":"Old Permic",
"Phag":"Phags-pa",
"Phli":"Inscriptional Pahlavi",
"Phlp":"Psalter Pahlavi",
"Phlv":"Book Pahlavi",
"Phnx":"Phoenician",
"Plrd":"Pollard Phonetic",
"Prti":"Inscriptional Parthian",
"Rjng":"Rejang",
"Roro":"Rongorongo",
"Runr":"Runic",
"Samr":"Samaritan",
"Sara":"Sarati",
"Sarb":"Old South Arabian",
"Saur":"Saurashtra",
"Sgnw":"SignWriting",
"Shaw":"Shavian",
"Sinh":"Sinhala",
"Sund":"Sundanese",
"Sylo":"Syloti Nagri",
"Syrc":"Syriac",
"Syre":"Estrangelo Syriac",
"Syrj":"Western Syriac",
"Syrn":"Eastern Syriac",
"Tagb":"Tagbanwa",
"Tale":"Tai Le",
"Talu":"New Tai Lue",
"Taml":"Tamil",
"Tavt":"Tai Viet",
"Telu":"Telugu",
"Teng":"Tengwar",
"Tfng":"Tifinagh",
"Tglg":"Tagalog",
"Thaa":"Thaana",
"Thai":"Thai",
"Tibt":"Tibetan",
"Ugar":"Ugaritic",
"Vaii":"Vai",
"Visp":"Visible Speech",
"Wara":"Varang Kshiti",
"Xpeo":"Old Persian",
"Xsux":"Sumero-Akkadian Cuneiform",
"Yiii":"Yi",
"Zinh":"Inherited",
"Zmth":"Mathematical Notation",
"Zsym":"Symbols",
"Zxxx":"Unwritten",
"Zyyy":"Common",
"Zzzz":"Unknown Script"
},
"territories":{
"001":"World",
"002":"Africa",
"003":"North America",
"005":"South America",
"009":"Oceania",
"011":"Western Africa",
"013":"Central America",
"014":"Eastern Africa",
"015":"Northern Africa",
"017":"Middle Africa",
"018":"Southern Africa",
"019":"Americas",
"021":"Northern America",
"029":"Caribbean",
"030":"Eastern Asia",
"034":"Southern Asia",
"035":"South-Eastern Asia",
"039":"Southern Europe",
"053":"Australia and New Zealand",
"054":"Melanesia",
"057":"Micronesian Region",
"061":"Polynesia",
"062":"South-Central Asia",
"142":"Asia",
"143":"Central Asia",
"145":"Western Asia",
"150":"Europe",
"151":"Eastern Europe",
"154":"Northern Europe",
"155":"Western Europe",
"172":"Commonwealth of Independent States",
"200":"Czechoslovakia",
"419":"Latin America",
"830":"Channel Islands",
"AC":"Ascension Island",
"AD":"Andorra",
"AE":"United Arab Emirates",
"AF":"Afghanistan",
"AG":"Antigua and Barbuda",
"AI":"Anguilla",
"AL":"Albania",
"AM":"Armenia",
"AN":"Netherlands Antilles",
"AO":"Angola",
"AQ":"Antarctica",
"AR":"Argentina",
"AS":"American Samoa",
"AT":"Austria",
"AU":"Australia",
"AW":"Aruba",
"AX":"Åland Islands",
"AZ":"Azerbaijan",
"BA":"Bosnia and Herzegovina",
"BB":"Barbados",
"BD":"Bangladesh",
"BE":"Belgium",
"BF":"Burkina Faso",
"BG":"Bulgaria",
"BH":"Bahrain",
"BI":"Burundi",
"BJ":"Benin",
"BL":"Saint Barthélemy",
"BM":"Bermuda",
"BN":"Brunei",
"BO":"Bolivia",
"BQ":"Bonaire, Saint Eustatius, and Saba",
"BR":"Brazil",
"BS":"Bahamas",
"BT":"Bhutan",
"BV":"Bouvet Island",
"BW":"Botswana",
"BY":"Belarus",
"BZ":"Belize",
"CA":"Canada",
"CC":"Cocos [Keeling] Islands",
"CD":"Congo - Kinshasa",
"CF":"Central African Republic",
"CG":"Congo - Brazzaville",
"CH":"Switzerland",
"CI":"Côte d’Ivoire",
"CK":"Cook Islands",
"CL":"Chile",
"CM":"Cameroon",
"CN":"China",
"CO":"Colombia",
"CP":"Clipperton Island",
"CR":"Costa Rica",
"CS":"Serbia and Montenegro",
"CT":"Canton and Enderbury Islands",
"CU":"Cuba",
"CV":"Cape Verde",
"CW":"Curaçao",
"CX":"Christmas Island",
"CY":"Cyprus",
"CZ":"Czech Republic",
"DD":"East Germany",
"DE":"Germany",
"DG":"Diego Garcia",
"DJ":"Djibouti",
"DK":"Denmark",
"DM":"Dominica",
"DO":"Dominican Republic",
"DZ":"Algeria",
"EA":"Ceuta and Melilla",
"EC":"Ecuador",
"EE":"Estonia",
"EG":"Egypt",
"EH":"Western Sahara",
"ER":"Eritrea",
"ES":"Spain",
"ET":"Ethiopia",
"EU":"European Union",
"FI":"Finland",
"FJ":"Fiji",
"FK":"Falkland Islands",
"FM":"Micronesia",
"FO":"Faroe Islands",
"FQ":"French Southern and Antarctic Territories",
"FR":"France",
"FX":"Metropolitan France",
"GA":"Gabon",
"GB":"United Kingdom",
"GD":"Grenada",
"GE":"Georgia",
"GF":"French Guiana",
"GG":"Guernsey",
"GH":"Ghana",
"GI":"Gibraltar",
"GL":"Greenland",
"GM":"Gambia",
"GN":"Guinea",
"GP":"Guadeloupe",
"GQ":"Equatorial Guinea",
"GR":"Greece",
"GS":"South Georgia and the South Sandwich Islands",
"GT":"Guatemala",
"GU":"Guam",
"GW":"Guinea-Bissau",
"GY":"Guyana",
"HK":"Hong Kong SAR China",
"HM":"Heard Island and McDonald Islands",
"HN":"Honduras",
"HR":"Croatia",
"HT":"Haiti",
"HU":"Hungary",
"IC":"Canary Islands",
"ID":"Indonesia",
"IE":"Ireland",
"IL":"Israel",
"IM":"Isle of Man",
"IN":"India",
"IO":"British Indian Ocean Territory",
"IQ":"Iraq",
"IR":"Iran",
"IS":"Iceland",
"IT":"Italy",
"JE":"Jersey",
"JM":"Jamaica",
"JO":"Jordan",
"JP":"Japan",
"JT":"Johnston Island",
"KE":"Kenya",
"KG":"Kyrgyzstan",
"KH":"Cambodia",
"KI":"Kiribati",
"KM":"Comoros",
"KN":"Saint Kitts and Nevis",
"KP":"North Korea",
"KR":"South Korea",
"KW":"Kuwait",
"KY":"Cayman Islands",
"KZ":"Kazakhstan",
"LA":"Laos",
"LB":"Lebanon",
"LC":"Saint Lucia",
"LI":"Liechtenstein",
"LK":"Sri Lanka",
"LR":"Liberia",
"LS":"Lesotho",
"LT":"Lithuania",
"LU":"Luxembourg",
"LV":"Latvia",
"LY":"Libya",
"MA":"Morocco",
"MC":"Monaco",
"MD":"Moldova",
"ME":"Montenegro",
"MF":"Saint Martin",
"MG":"Madagascar",
"MH":"Marshall Islands",
"MI":"Midway Islands",
"MK":"Macedonia",
"ML":"Mali",
"MM":"Myanmar [Burma]",
"MN":"Mongolia",
"MO":"Macau SAR China",
"MP":"Northern Mariana Islands",
"MQ":"Martinique",
"MR":"Mauritania",
"MS":"Montserrat",
"MT":"Malta",
"MU":"Mauritius",
"MV":"Maldives",
"MW":"Malawi",
"MX":"Mexico",
"MY":"Malaysia",
"MZ":"Mozambique",
"NA":"Namibia",
"NC":"New Caledonia",
"NE":"Niger",
"NF":"Norfolk Island",
"NG":"Nigeria",
"NI":"Nicaragua",
"NL":"Netherlands",
"NO":"Norway",
"NP":"Nepal",
"NQ":"Dronning Maud Land",
"NR":"Nauru",
"NT":"Neutral Zone",
"NU":"Niue",
"NZ":"New Zealand",
"OM":"Oman",
"PA":"Panama",
"PC":"Pacific Islands Trust Territory",
"PE":"Peru",
"PF":"French Polynesia",
"PG":"Papua New Guinea",
"PH":"Philippines",
"PK":"Pakistan",
"PL":"Poland",
"PM":"Saint Pierre and Miquelon",
"PN":"Pitcairn Islands",
"PR":"Puerto Rico",
"PS":"Palestinian Territories",
"PT":"Portugal",
"PU":"U.S. Miscellaneous Pacific Islands",
"PW":"Palau",
"PY":"Paraguay",
"PZ":"Panama Canal Zone",
"QA":"Qatar",
"QO":"Outlying Oceania",
"RE":"Réunion",
"RO":"Romania",
"RS":"Serbia",
"RU":"Russia",
"RW":"Rwanda",
"SA":"Saudi Arabia",
"SB":"Solomon Islands",
"SC":"Seychelles",
"SD":"Sudan",
"SE":"Sweden",
"SG":"Singapore",
"SH":"Saint Helena",
"SI":"Slovenia",
"SJ":"Svalbard and Jan Mayen",
"SK":"Slovakia",
"SL":"Sierra Leone",
"SM":"San Marino",
"SN":"Senegal",
"SO":"Somalia",
"SR":"Suriname",
"ST":"São Tomé and Príncipe",
"SU":"Union of Soviet Socialist Republics",
"SV":"El Salvador",
"SX":"Sint Maarten",
"SY":"Syria",
"SZ":"Swaziland",
"TA":"Tristan da Cunha",
"TC":"Turks and Caicos Islands",
"TD":"Chad",
"TF":"French Southern Territories",
"TG":"Togo",
"TH":"Thailand",
"TJ":"Tajikistan",
"TK":"Tokelau",
"TL":"Timor-Leste",
"TM":"Turkmenistan",
"TN":"Tunisia",
"TO":"Tonga",
"TR":"Turkey",
"TT":"Trinidad and Tobago",
"TV":"Tuvalu",
"TW":"Taiwan",
"TZ":"Tanzania",
"UA":"Ukraine",
"UG":"Uganda",
"UM":"U.S. Minor Outlying Islands",
"US":"United States",
"UY":"Uruguay",
"UZ":"Uzbekistan",
"VA":"Vatican City",
"VC":"Saint Vincent and the Grenadines",
"VD":"North Vietnam",
"VE":"Venezuela",
"VG":"British Virgin Islands",
"VI":"U.S. Virgin Islands",
"VN":"Vietnam",
"VU":"Vanuatu",
"WF":"Wallis and Futuna",
"WK":"Wake Island",
"WS":"Samoa",
"YD":"People’s Democratic Republic of Yemen",
"YE":"Yemen",
"YT":"Mayotte",
"ZA":"South Africa",
"ZM":"Zambia",
"ZW":"Zimbabwe",
"ZZ":"Unknown Region"
},
"orientation":"left-to-right",
"dateFormat-full":"EEEE, MMMM d, y",
"dateFormat-long":"MMMM d, y",
"dateFormat-medium":"MMM d, y",
"dateFormat-short":"M/d/yy",
"timeFormat-full":"h:mm:ss a zzzz",
"timeFormat-long":"h:mm:ss a z",
"timeFormat-medium":"h:mm:ss a",
"timeFormat-short":"h:mm a",
"dateTimeFormat-full":"{1} {0}",
"dateTimeFormat-long":"{1} {0}",
"dateTimeFormat-medium":"{1} {0}",
"dateTimeFormat-short":"{1} {0}",
"months-defaultContext":"format",
"months-defaultWidth":"wide",
"months-format-abbreviated":[
"Jan",
"Feb",
"Mar",
"Apr",
"May",
"Jun",
"Jul",
"Aug",
"Sep",
"Oct",
"Nov",
"Dec"],
"months-format-narrow":[
"J",
"F",
"M",
"A",
"M",
"J",
"J",
"A",
"S",
"O",
"N",
"D"],
"months-format-wide":[
"January",
"February",
"March",
"April",
"May",
"June",
"July",
"August",
"September",
"October",
"November",
"December"],
"months-standAlone-abbreviated":[
"Jan",
"Feb",
"Mar",
"Apr",
"May",
"Jun",
"Jul",
"Aug",
"Sep",
"Oct",
"Nov",
"Dec"],
"months-standAlone-narrow":[
"J",
"F",
"M",
"A",
"M",
"J",
"J",
"A",
"S",
"O",
"N",
"D"],
"months-standAlone-wide":[
"January",
"February",
"March",
"April",
"May",
"June",
"July",
"August",
"September",
"October",
"November",
"December"],
"days-defaultContext":"format",
"days-defaultWidth":"wide",
"days-format-abbreviated":[
"Sun",
"Mon",
"Tue",
"Wed",
"Thu",
"Fri",
"Sat"],
"days-format-narrow":[
"S",
"M",
"T",
"W",
"T",
"F",
"S"],
"days-format-wide":[
"Sunday",
"Monday",
"Tuesday",
"Wednesday",
"Thursday",
"Friday",
"Saturday"],
"days-standAlone-abbreviated":[
"Sun",
"Mon",
"Tue",
"Wed",
"Thu",
"Fri",
"Sat"],
"days-standAlone-narrow":[
"S",
"M",
"T",
"W",
"T",
"F",
"S"],
"days-standAlone-wide":[
"Sunday",
"Monday",
"Tuesday",
"Wednesday",
"Thursday",
"Friday",
"Saturday"],
"quarters-format-abbreviated":[
"Q1",
"Q2",
"Q3",
"Q4"],
"quarters-format-narrow":[
"1",
"2",
"3",
"4"],
"quarters-format-wide":[
"1st quarter",
"2nd quarter",
"3rd quarter",
"4th quarter"],
"quarters-standAlone-abbreviated":[
"Q1",
"Q2",
"Q3",
"Q4"],
"quarters-standAlone-narrow":[
"1",
"2",
"3",
"4"],
"quarters-standAlone-wide":[
"1st quarter",
"2nd quarter",
"3rd quarter",
"4th quarter"],
"dayPeriods-format-abbreviated":[
"AM",
"PM"],
"dayPeriods-format-narrow":[
"a",
"p"],
"dayPeriods-format-wide":[
"AM",
"PM"],
"dayPeriods-standAlone-abbreviated":[
"AM",
"PM"],
"dayPeriods-standAlone-narrow":[
"a",
"p"],
"dayPeriods-standAlone-wide":[
"AM",
"PM"],
"decimalFormat":{
"standard":"#,##0.###"},
"decimalFormat-short":{
"1000":"0.0K",
"10000":"00K",
"100000":"000K",
"1000000":"0.0M",
"10000000":"00M",
"100000000":"000M",
"1000000000":"0.0B",
"10000000000":"00B",
"100000000000":"000B",
"1000000000000":"0.0T",
"10000000000000":"00T",
"100000000000000":"000T"},
"scientificFormat":{
"standard":"#E0"},
"percentFormat":{
"standard":"#,##0%"},
"currencyFormat":{
"standard":"¤#,##0.00;(¤#,##0.00)"},
"symbols-latn-decimal":".",
"symbols-latn-group":",",
"symbols-latn-list":";",
"symbols-latn-percentSign":"%",
"symbols-latn-plusSign":"+",
"symbols-latn-minusSign":"-",
"symbols-latn-exponential":"E",
"symbols-latn-perMille":"‰",
"symbols-latn-infinity":"∞",
"symbols-latn-nan":"NaN",
"weekData-minDays":1,
"weekData-firstDay":0,
"weekData-weekendStart":6,
"weekData-weekendEnd":0
}